001,adidas AlphaBOUNCE Beyond00.jpg,,,
001,adidas AlphaBOUNCE Beyond01.jpg,,,
001,adidas AlphaBOUNCE Beyond02.jpg,,,
002,Nike Air Max 9000.jpg,,,
002,Nike Air Max 9001.jpg,,,
002,Nike Air Max 9002.jpg,,,
003,Nike Air Huarache Drift00.jpg,,,
003,Nike Air Huarache Drift01.jpg,,,
003,Nike Air Huarache Drift02.jpg,,,
004,Nike SB Dunk Low00.jpg,,,
004,Nike SB Dunk Low01.jpg,,,
004,Nike SB Dunk Low02.jpg,,,
005,adidas Crazy Light Boost00.jpg,,,
005,adidas Crazy Light Boost01.jpg,,,
005,adidas Crazy Light Boost02.jpg,,,
006,Nike Kyrie Flytrap00.jpg,,,
006,Nike Kyrie Flytrap01.jpg,,,
006,Nike Kyrie Flytrap02.jpg,,,
007,Reebok Classic Leather 200.jpg,,,
007,Reebok Classic Leather 201.jpg,,,
007,Reebok Classic Leather 202.jpg,,,
008,adidas YUNG-100.jpg,,,
008,adidas YUNG-101.jpg,,,
008,adidas YUNG-102.jpg,,,
009,Nike Cortez SE00.jpg,,,
009,Nike Cortez SE01.jpg,,,
009,Nike Cortez SE02.jpg,,,
010,Nike Air Max 9500.jpg,,,
010,Nike Air Max 9501.jpg,,,
010,Nike Air Max 9502.jpg,,,
011,Nike Air Foamposite One00.jpg,,,
011,Nike Air Foamposite One01.jpg,,,
011,Nike Air Foamposite One02.jpg,,,
012,Nike Odyssey React00.jpg,,,
012,Nike Odyssey React01.jpg,,,
012,Nike Odyssey React02.jpg,,,
013,Nike Blazer QS “Easter”00.jpg,,,
013,Nike Blazer QS “Easter”01.jpg,,,
013,Nike Blazer QS “Easter”02.jpg,,,
014,Nike Air Max 27000.jpg,,,
014,Nike Air Max 27001.jpg,,,
014,Nike Air Max 27002.jpg,,,
015,Converse One Star x Sneakersnstuff00.jpg,,,
015,Converse One Star x Sneakersnstuff01.jpg,,,
015,Converse One Star x Sneakersnstuff02.jpg,,,
016,Nike Air Force 1 Low Foamposite00.jpg,,,
016,Nike Air Force 1 Low Foamposite01.jpg,,,
016,Nike Air Force 1 Low Foamposite02.jpg,,,
017,Nike Air More Uptempo00.jpg,,,
017,Nike Air More Uptempo01.jpg,,,
017,Nike Air More Uptempo02.jpg,,,
018,adidas Ultra Boost 4.000.jpg,,,
018,adidas Ultra Boost 4.001.jpg,,,
018,adidas Ultra Boost 4.002.jpg,,,
019,Vans Slip On “Flame Wall”00.jpg,,,
019,Vans Slip On “Flame Wall”01.jpg,,,
019,Vans Slip On “Flame Wall”02.jpg,,,
020,Air Jordan 1 Retro High OG “Shadow”00.jpg,,,
020,Air Jordan 1 Retro High OG “Shadow”01.jpg,,,
020,Air Jordan 1 Retro High OG “Shadow”02.jpg,,,
,,,,
,,,,
,,,,
,,,,
,,,,
,,,,
,,,,
,,,,
,,,,
,,,,
,,,,
,,,,
,,,,
,,,,
,,,,
,,,,
,,,,
,,,,
,,,,
,,,,
,,,,
,,,,
,,,,
,,,,
,,,,
,,,,
,,,,
,,,,
,,,,
,,,,
,,,,
,,,,
,,,,
,,,,
,,,,
,,,,
,,,,
,,,,
,,,,
,,,,
,,,,
,,,,
,,,,
,,,,
,,,,
,,,,
,,,,
,,,,
,,,,
,,,,
,,,,
,,,,
,,,,
,,,,
,,,,
,,,,
,,,,
,,,,
,,,,
,,,,
,,,,
,,,,
,,,,
,,,,
,,,,
,,,,
,,,,
,,,,
,,,,
,,,,
,,,,
,,,,
,,,,
,,,,
,,,,
,,,,
,,,,
,,,,
,,,,
,,,,
,,,,
,,,,
,,,,
,,,,
,,,,
,,,,
,,,,
,,,,
,,,,
,,,,
,,,,
,,,,
,,,,
,,,,
,,,,
,,,,
,,,,
,,,,
,,,,
,,,,
,,,,
,,,,
,,,,
,,,,
,,,,
,,,,
,,,,
,,,,
,,,,
,,,,
,,,,
,,,,
,,,,
,,,,
,,,,
,,,,
,,,,
,,,,
,,,,
,,,,
,,,,
,,,,
,,,,
,,,,
,,,,
,,,,
,,,,
,,,,
,,,,
,,,,
,,,,
,,,,
,,,,
,,,,
,,,,
,,,,
,,,,1
